k,loss,auc,log_likelihood,brier,ece
1,0.3582826256752014,0.8841438356164384,-0.35827067494392395,0.12079642713069916,0.03610391248859717
2,0.21604494750499725,0.9715924657534246,-0.21602018177509308,0.07064811885356903,0.024931896076056233
