k,loss,loss_std,auc,auc_std,log_likelihood,log_likelihood_std,brier,brier_std,ece,ece_std,final_train_loss,final_train_auc,final_train_log_likelihood,final_train_brier,final_train_ece
1,1.7460484504699707,,0.7399145299145299,,-1.7460484504699707,,0.2624824643135071,,0.20687000083339896,,0.3582826256752014,0.8841438356164384,-0.35827067494392395,0.12079642713069916,0.03610391248859717
2,2.907376527786255,,0.67,,-2.907376527786255,,0.3245121240615845,,0.3125768999692381,,0.21604494750499725,0.9715924657534246,-0.21602018177509308,0.07064811885356903,0.024931896076056233
