k,loss,loss_std,auc,auc_std,log_likelihood,log_likelihood_std,brier,brier_std,ece,ece_std,final_train_loss,final_train_auc,final_train_log_likelihood,final_train_brier,final_train_ece
1,1.5945677359898884,0.26820102773960636,0.7130422551352784,0.030488193894809,-1.5945677359898884,0.26820102773960636,0.2684907416502635,0.011559538910775477,0.21704131480096386,0.024625646520759454,0.3582826256752014,0.8841438356164384,-0.35827067494392395,0.12079642713069916,0.03610391248859717
2,2.873743454615275,0.3465868425634626,0.6534063127166575,0.059123875496792884,-2.873743454615275,0.3465868425634626,0.3288915952046712,0.018992666619546766,0.3223940355363119,0.02086554074050768,0.21604494750499725,0.9715924657534246,-0.21602018177509308,0.07064811885356903,0.024931896076056233
