fit,n_test_mean,test_positive_rate_mean,heldout_auc_mean,heldout_auc_sd,heldout_log_likelihood_mean,heldout_log_likelihood_sd,heldout_brier_mean,heldout_brier_sd,heldout_ece_mean,heldout_ece_sd
1pl_regular,183.4,0.41491876244544984,0.8044457793235779,0.0429363552546363,-0.8755708336830139,0.1208677468908104,0.16455990970134735,0.034392156323957174,0.1823156893321329,0.03332889898048202
1pl_item_marginal_mmle,183.4,0.41491876244544984,0.8155543565750122,0.03493262670636874,-0.6079876184463501,0.06334280974053888,0.14371737986803054,0.022143392259942708,0.1295990410462841,0.022954782441595586
2pl_regular,183.4,0.41491876244544984,0.8036489725112915,0.025411685258121056,-0.9463303446769714,0.09944185654590762,0.17113787829875945,0.016553562690970112,0.1882539235327716,0.010305674605020373
2pl_item_marginal_mmle,183.4,0.41491876244544984,0.7869611740112304,0.036624407982479915,-0.5954437375068664,0.01715894572706621,0.16299135088920594,0.01233483730038891,0.12185616354769684,0.016173245879694154
3pl_regular,183.4,0.41491876244544984,0.7888301610946655,0.03286262396912033,-0.91867595911026,0.1414700597374837,0.16385340094566345,0.02308651238383536,0.16015397062168776,0.023977069686628803
3pl_item_marginal_mmle,183.4,0.41491876244544984,0.7899206519126892,0.031149026856831134,-0.6281688451766968,0.01376155795643111,0.1780049741268158,0.011175323285488044,0.14172543562058973,0.012904817076462684
