fit,n_test_mean,test_positive_rate_mean,heldout_auc_mean,heldout_auc_sd,heldout_log_likelihood_mean,heldout_log_likelihood_sd,heldout_brier_mean,heldout_brier_sd,heldout_ece_mean,heldout_ece_sd
1pl_regular,268.0,0.42436479926109316,0.7282132029533386,0.018640919930928628,-0.7142174243927002,0.08232336519276086,0.22021714448928834,0.01744305118881234,0.14119878030232771,0.03275063568219986
1pl_item_marginal_mmle,268.0,0.42436479926109316,0.7246650099754334,0.023895656660067217,-0.6247463226318359,0.039365055624675016,0.2135470449924469,0.014409976228819616,0.11513014196771616,0.020045401678508032
2pl_regular,268.0,0.42436479926109316,0.7060961961746216,0.0428836939497682,-1.414033555984497,0.35605332130149336,0.24809353053569794,0.023796646956161724,0.1814428699367629,0.0348039098550473
2pl_item_marginal_mmle,268.0,0.42436479926109316,0.7003113269805908,0.018332186925969513,-0.6365432381629944,0.007181066454085247,0.22254173159599305,0.0034342073875783374,0.10910569320765702,0.0160919160070529
3pl_regular,268.0,0.42436479926109316,0.6899657487869263,0.014638497265786803,-1.4524759769439697,0.21869204256369143,0.2631166160106659,0.009492497528403277,0.20862374363067954,0.016290897755956144
3pl_item_marginal_mmle,268.0,0.42436479926109316,0.7003113269805908,0.018332186925969513,-0.6599225282669068,0.007844468138954593,0.23425436317920684,0.00369627130346382,0.14692493823334501,0.015629698248119654
