fit,n_test_mean,test_positive_rate_mean,heldout_auc_mean,heldout_auc_sd,heldout_log_likelihood_mean,heldout_log_likelihood_sd,heldout_brier_mean,heldout_brier_sd,heldout_ece_mean,heldout_ece_sd
1pl_regular,223.2,0.2394174337387085,0.7577570915222168,0.03579875830061221,-0.5984421730041504,0.03397542884660753,0.16230387091636658,0.00852831371811816,0.11462950571944486,0.020009398584168503
1pl_item_marginal_mmle,223.2,0.2394174337387085,0.7514814972877503,0.03793972662818512,-0.4974982559680939,0.012980009944104462,0.1614302694797516,0.005631134318660589,0.095461921528535,0.028731446667519384
2pl_regular,223.2,0.2394174337387085,0.7744503021240234,0.02872408089002737,-1.1396441221237184,0.23704807115452423,0.16845470368862153,0.014155502006170799,0.1582858580881795,0.02527935812118083
2pl_item_marginal_mmle,223.2,0.2394174337387085,0.6585828065872192,0.019096585514277294,-0.6809759497642517,0.0036739683177442932,0.24394351541996,0.0018261787802961386,0.2650045000514869,0.03729380912430503
3pl_regular,223.2,0.2394174337387085,0.7410919189453125,0.06223204476401582,-1.0453831434249878,0.2424143945350251,0.18263100683689118,0.020112977920422624,0.15693647382071982,0.03631533202467577
3pl_item_marginal_mmle,223.2,0.2394174337387085,0.6580215096473694,0.016547406638201298,-0.7410775184631347,0.008962406456774832,0.27364176511764526,0.004414707415466434,0.3141981804598401,0.03777358420676719
