k,loss,beta_nll,mse,rmse,mae,pearson
1,2.8271474838256836,2.7094662189483643,0.08130697906017303,0.28514379262924194,0.15233416855335236,0.7862296104431152
2,-0.5233648419380188,-0.7245043516159058,0.04987926781177521,0.22333666682243347,0.10676608979701996,0.8737163543701172
