model,factor_1,factor_2
claude_haiku_4_5,0.31251156,-2.2619925
claude_sonnet_4_6,-1.8277161,-0.42319423
ministral_3_14b_instruct_2512_bf16,-1.0962044,2.2027993
ministral_3_3b_instruct_2512_bf16,2.491485,-0.7551799
ministral_3_8b_instruct_2512_bf16,-0.36980116,2.996094
qwen3_5_0_8b,2.9799871,-1.2693152
qwen3_5_27b,-4.0939827,-0.6148443
qwen3_5_2b,2.794265,-1.4026053
qwen3_5_4b,0.86389506,1.9000475
qwen3_5_9b,2.3517559,0.2828511
