fit,n_test_mean,test_positive_rate_mean,heldout_auc_mean,heldout_auc_sd,heldout_log_likelihood_mean,heldout_log_likelihood_sd,heldout_brier_mean,heldout_brier_sd,heldout_ece_mean,heldout_ece_sd,aic,bic
1pl_regular,1211.0,0.18084228038787842,0.9433136582374573,,-0.25064051151275635,,0.06841209530830383,,0.03655571872168502,,3187.4267578125,7786.117850377241
1pl_item_marginal_mmle,1211.0,0.18084228038787842,0.9368786215782166,,-0.26334694027900696,,0.07744450867176056,,0.05280322955250679,,4775.8603515625,4816.506089246886
2pl_regular,1211.0,0.18084228038787842,0.90531325340271,,-0.5839220881462097,,0.0767473354935646,,0.06090919943188004,,4002.4371337890625,13139.398560038131
2pl_item_marginal_mmle,1211.0,0.18084228038787842,0.7524304389953613,,-0.660386323928833,,0.23368890583515167,,0.3179607615090174,,5016.3271484375,5056.972886121886
3pl_regular,1211.0,0.18084228038787842,0.8608617782592773,,-0.581912636756897,,0.09794415533542633,,0.07701884019000164,,5394.188232421875,19069.419992355273
3pl_item_marginal_mmle,1211.0,0.18084228038787842,0.7524304389953613,,-0.7340510487556458,,0.2698304355144501,,0.3680975689936481,,5647.8154296875,5688.461167371886
