fit,rep,n_test,test_positive_rate,heldout_auc,heldout_log_likelihood,heldout_brier,heldout_ece
1pl_regular,0,1211,0.18084228038787842,0.9433136582374573,-0.25064051151275635,0.06841209530830383,0.03655571872168502
2pl_regular,0,1211,0.18084228038787842,0.90531325340271,-0.5839220881462097,0.0767473354935646,0.06090919943188004
3pl_regular,0,1211,0.18084228038787842,0.8608617782592773,-0.581912636756897,0.09794415533542633,0.07701884019000164
1pl_item_marginal_mmle,0,1211,0.18084228038787842,0.9368786215782166,-0.26334694027900696,0.07744450867176056,0.05280322955250679
2pl_item_marginal_mmle,0,1211,0.18084228038787842,0.7524304389953613,-0.660386323928833,0.23368890583515167,0.3179607615090174
3pl_item_marginal_mmle,0,1211,0.18084228038787842,0.7524304389953613,-0.7340510487556458,0.2698304355144501,0.3680975689936481
