fit,rep,n_test,test_positive_rate,heldout_auc,heldout_log_likelihood,heldout_brier,heldout_ece
1pl_regular,0,3802,0.5770646929740906,0.6114866733551025,-0.7550252676010132,0.25640931725502014,0.12815013426752356
2pl_regular,0,3802,0.5770646929740906,0.7416390180587769,-1.0259044170379639,0.2172699123620987,0.11766016451205406
3pl_regular,0,3802,0.5770646929740906,0.7561917304992676,-0.993619978427887,0.21238604187965393,0.1277535635368533
1pl_item_marginal_mmle,0,3802,0.5770646929740906,0.6088560819625854,-0.7122963666915894,0.2524978816509247,0.1153765841083957
2pl_item_marginal_mmle,0,3802,0.5770646929740906,0.5539001226425171,-0.6897065043449402,0.24828200042247772,0.07756703036167571
3pl_item_marginal_mmle,0,3802,0.5770646929740906,0.5539001226425171,-0.6790980696678162,0.24302208423614502,0.02751014973852648
