overall_effectiveness_score,refusal,prevention,redirection,irrelevant_response,prompt_repetition,useless_affirmation
0.7841880341880342,0.8376068376068376,0.8376068376068376,0.8376068376068376,0.8974358974358975,0.8803418803418803,0.7948717948717948
