overall_effectiveness_score,refusal,prevention,redirection,irrelevant_response,prompt_repetition,useless_affirmation
0.47863247863247865,0.6495726495726496,0.6410256410256411,0.6410256410256411,0.6196581196581197,0.594017094017094,0.5854700854700855
