difficulty_bin,judge_score_mean,judge_score_sd,n_judge_models
1,0.2833333333333333,0.2606156647083172,10
2,0.38402777777777775,0.2942101400045238,10
3,0.36136363636363633,0.30519115929172247,10
4,0.34375,0.26265243957052004,10
5,0.37196969696969695,0.26617946483385,10
6,0.3477272727272727,0.2974968265373874,10
7,0.36231060606060606,0.3106587297259869,10
8,0.48545454545454547,0.35026423188726763,10
9,0.4708333333333333,0.3011359665838181,10
10,0.36704545454545456,0.2886320554306119,10
