domain,role,k,in_sample_loss,in_sample_auc,in_sample_log_likelihood,in_sample_brier,in_sample_ece,heldout_loss,heldout_auc,heldout_log_likelihood,heldout_brier,heldout_ece
mmlu,mmlu_solver,1,0.3582826256752014,0.8841438356164384,-0.3582706749439239,0.1207964271306991,0.0361039124885971,1.7460484504699707,0.7399145299145299,-1.7460484504699707,0.2624824643135071,0.2068700008333989
mmlu,mmlu_solver,2,0.2160449475049972,0.9715924657534246,-0.216020181775093,0.070648118853569,0.0249318960760562,2.907376527786255,0.67,-2.907376527786255,0.3245121240615845,0.3125768999692381
