domain,role,k,in_sample_loss,in_sample_auc,in_sample_log_likelihood,in_sample_brier,in_sample_ece,heldout_loss,heldout_auc,heldout_log_likelihood,heldout_brier,heldout_ece
mmlu,mmlu_judge,1,0.2307770848274231,0.9463234579893152,-0.2307679802179336,0.0767807140946388,0.0298497642993014,0.9731336832046508,0.7785990338164251,-0.9731336832046508,0.1658878773450851,0.1237250989665511
mmlu,mmlu_judge,2,0.1152046546339988,0.9876202039825158,-0.1151810884475708,0.0358650460839271,0.016925986463799,1.296022653579712,0.8008088235294117,-1.296022653579712,0.1585327237844467,0.1451180316629161
