k,loss,auc,log_likelihood,brier,ece
1,0.2307770848274231,0.9463234579893152,-0.2307679802179336,0.0767807140946388,0.0298497642993014
2,0.1152046546339988,0.9876202039825158,-0.1151810884475708,0.0358650460839271,0.016925986463799
