domain,role,label,fit,heldout_auc_mean,heldout_auc_sd,aic,heldout_ece_mean,heldout_ece_sd,heldout_log_likelihood_mean,heldout_log_likelihood_sd,bic,best_by_auc,best_by_aic
kudge,judge,Kudge judge,1pl_regular,0.7169826030731201,0.0201712616914141,4656.828369140625,0.0947994973354929,0.0170187394935089,-0.6287493467330932,0.0242362735695014,7142.380671127253,False,True
kudge,judge,Kudge judge,1pl_item_marginal_mmle,0.7193072080612183,0.0180132467153882,5461.185546875,0.0687827421475922,0.0120916406031575,-0.5764333963394165,0.0141123541079805,5504.556340001393,True,False
kudge,judge,Kudge judge,2pl_regular,0.7090604305267334,0.0168931033847858,4771.25439453125,0.1467102890299631,0.014905546309168,-1.2953824996948242,0.1649010672923195,9672.61135737733,False,False
kudge,judge,Kudge judge,2pl_item_marginal_mmle,0.6857895135879517,0.0279808527421508,4971.0703125,0.1846891813151461,0.0088773072050388,-0.6594048380851746,0.008561691654459,5014.441105626393,False,False
kudge,judge,Kudge judge,3pl_regular,0.6972973704338074,0.0217685893204338,5448.64111328125,0.1672124599759882,0.0111624387238258,-1.2543668031692503,0.1523566240858733,12765.80273698678,False,False
kudge,judge,Kudge judge,3pl_item_marginal_mmle,0.6869408369064331,0.0277471402617532,4904.234375,0.1351548375713066,0.0095054074881412,-0.6274517178535461,0.0073621352315495,4947.605168126393,False,False
