domain,role,label,fit,heldout_auc_mean,heldout_auc_sd,aic,heldout_ece_mean,heldout_ece_sd,heldout_log_likelihood_mean,heldout_log_likelihood_sd,bic,best_by_auc,best_by_aic
kudge,solver,Kudge solver,1pl_regular,0.8036282777786254,0.0127297575116983,4116.5205078125,0.0827766961544805,0.0075166319666072,-0.5621453166007996,0.0173837471898357,6602.072809799128,False,True
kudge,solver,Kudge solver,1pl_item_marginal_mmle,0.8085002303123474,0.0105419067587709,5128.5986328125,0.059040829328764,0.0027043000818094,-0.5098766505718231,0.0121255315433877,5171.969425938893,True,False
kudge,solver,Kudge solver,2pl_regular,0.7872343063354492,0.0232030638236428,4138.806884765625,0.1316759463545142,0.020888687357857,-1.2394164681434632,0.2697318458653733,9040.163847611704,False,False
kudge,solver,Kudge solver,2pl_item_marginal_mmle,0.7213262438774108,0.0119869911982839,4549.61572265625,0.1654197004792172,0.0114164028751362,-0.6412771344184875,0.0034020739316391,4592.986515782643,False,False
kudge,solver,Kudge solver,3pl_regular,0.7865950226783752,0.0217226376305269,4654.95263671875,0.1329958824091377,0.0240893014137939,-1.0874792218208311,0.1582510262878092,11972.11426042428,False,False
kudge,solver,Kudge solver,3pl_item_marginal_mmle,0.7213262438774108,0.0119869911982839,4511.3642578125,0.1266244555810406,0.0094693251272019,-0.615583086013794,0.0037081145024005,4554.735050938893,False,False
