domain,role,label,fit,heldout_auc_mean,heldout_auc_sd,aic,heldout_ece_mean,heldout_ece_sd,heldout_log_likelihood_mean,heldout_log_likelihood_sd,bic,best_by_auc,best_by_aic
mmlu,solver,MMLU solver,1pl_regular,0.7282132029533386,0.0186409199309286,1616.8486328125,0.1411987803023277,0.0327506356821998,-0.7142174243927002,0.0823233651927608,2471.906635343957,True,True
mmlu,solver,MMLU solver,1pl_item_marginal_mmle,0.7246650099754334,0.0238956566600672,1640.1317138671875,0.1151301419677161,0.020045401678508,-0.6247463226318359,0.039365055624675,1670.5012398913238,False,False
mmlu,solver,MMLU solver,2pl_regular,0.7060961961746216,0.0428836939497682,1700.4033203125,0.1814428699367629,0.0348039098550473,-1.414033555984497,0.3560533213014933,3358.381642294228,False,False
mmlu,solver,MMLU solver,2pl_item_marginal_mmle,0.7003113269805908,0.0183321869259695,1675.765625,0.109105693207657,0.0160919160070529,-0.6365432381629944,0.0071810664540852,1706.1351510241363,False,False
mmlu,solver,MMLU solver,3pl_regular,0.6899657487869263,0.0146384972657868,1959.2109375,0.2086237436306795,0.0162908977559561,-1.4524759769439697,0.2186920425636914,4420.109578931999,False,False
mmlu,solver,MMLU solver,3pl_item_marginal_mmle,0.7003113269805908,0.0183321869259695,1699.199951171875,0.146924938233345,0.0156296982481196,-0.6599225282669068,0.0078444681389545,1729.5694771960111,False,False
