domain,role,label,fit,heldout_auc_mean,heldout_auc_sd,aic,heldout_ece_mean,heldout_ece_sd,heldout_log_likelihood_mean,heldout_log_likelihood_sd,bic,best_by_auc,best_by_aic
mmlu,judge,MMLU judge,1pl_regular,0.8071152925491333,0.0177016926499549,3024.619873046875,0.08049581048333,0.0091199032576957,-0.5687748908996582,0.0322279330309599,4942.083082547057,False,False
mmlu,judge,MMLU judge,1pl_item_marginal_mmle,0.8051924586296082,0.02000980226878,3991.87255859375,0.0589107193002445,0.0135168660928997,-0.5108135938644409,0.024907680238455,4029.173556423486,False,False
mmlu,judge,MMLU judge,2pl_regular,0.8147981762886047,0.0391994143522246,2959.930419921875,0.1034115072054907,0.0163185220533677,-0.8286514401435852,0.0900923541440117,6734.55925371783,False,True
mmlu,judge,MMLU judge,2pl_item_marginal_mmle,0.5883054614067078,0.0286435072835288,3341.48193359375,0.1713042981614055,0.0134225762011218,-0.6849535942077637,0.0046252986505191,3378.782931423486,False,False
mmlu,judge,MMLU judge,3pl_regular,0.8218842625617981,0.0303833444118454,3494.4482421875,0.1053512958027709,0.0210582870828015,-0.7797002196311951,0.1349370082028785,9126.242700279228,True,False
mmlu,judge,MMLU judge,3pl_item_marginal_mmle,0.5870863914489746,0.026399517305029,3300.12109375,0.1208904841911292,0.0135350986974141,-0.6554986596107483,0.0052370308874752,3337.422091579736,False,False
