domain,role,label,fit,heldout_auc_mean,heldout_auc_sd,aic,heldout_ece_mean,heldout_ece_sd,heldout_log_likelihood_mean,heldout_log_likelihood_sd,bic,best_by_auc,best_by_aic
safety,judge,Safety judge / HarmMetricEval,1pl_regular,0.8352963328361511,0.0418137113560236,9460.0625,0.1476377859404644,0.0185913280051827,-0.7323081970214844,0.1150563321567307,10102.524785369871,True,False
safety,judge,Safety judge / HarmMetricEval,1pl_item_marginal_mmle,0.8248441815376282,0.0382182822285793,13227.630859375,0.1123559306347438,0.0174879226708518,-0.5542675375938415,0.0715704274637299,13255.252598722978,False,False
safety,judge,Safety judge / HarmMetricEval,2pl_regular,0.8312298774719238,0.028150197099334,7143.92431640625,0.1641277973747085,0.0209471696249868,-0.8045692443847656,0.123086517649093,8378.261305620805,False,False
safety,judge,Safety judge / HarmMetricEval,2pl_item_marginal_mmle,0.8171740293502807,0.0318128783249243,1264.320068359375,0.1489403794177921,0.0175117915494188,-0.5738942980766296,0.0158828862328138,1291.9418077073526,False,True
safety,judge,Safety judge / HarmMetricEval,3pl_regular,0.8304599761962891,0.0268972926680513,1403.0698852539062,0.1322144578638711,0.0140788685457505,-0.844855535030365,0.1243227174441765,3229.281578313144,False,False
safety,judge,Safety judge / HarmMetricEval,3pl_item_marginal_mmle,0.8217835307121277,0.0347739393603942,1322.006591796875,0.1913517835474512,0.0132687970331403,-0.6172674179077149,0.0145967218418272,1349.6283311448526,False,False
