domain,role,label,fit,heldout_auc_mean,heldout_auc_sd,aic,heldout_ece_mean,heldout_ece_sd,heldout_log_likelihood_mean,heldout_log_likelihood_sd,bic,best_by_auc,best_by_aic
safety,solver,Safety solver,1pl_regular,0.8981746673583985,0.0049490889240916,4024.498046875,0.0518996626358317,0.0037059880868337,-0.3026373744010925,0.0084285897220497,9836.241567299983,False,True
safety,solver,Safety solver,1pl_item_marginal_mmle,0.911335802078247,0.0083475929602737,7108.423828125,0.0499603173870646,0.0052079339503115,-0.2588133633136749,0.0049116794868594,7155.504668963531,True,False
safety,solver,Safety solver,2pl_regular,0.8899563908576965,0.0078074119185918,4666.157470703125,0.0814847807539354,0.0047363204919088,-0.6520208477973938,0.0445341562779406,16219.539040860396,False,False
safety,solver,Safety solver,2pl_item_marginal_mmle,0.8503777980804443,0.0134583368855556,6429.87890625,0.3538134099853167,0.0042940835588903,-0.6443926572799683,0.0061416373991683,6476.959747088531,False,False
safety,solver,Safety solver,3pl_regular,0.8847999811172486,0.010938802187126,6089.29443359375,0.0772165796326267,0.0056033597778811,-0.5607790946960449,0.0670286074265969,23384.314053483304,False,False
safety,solver,Safety solver,3pl_item_marginal_mmle,0.8503777980804443,0.0134583368855556,6285.80078125,0.3036495405579308,0.0042050143364729,-0.5781001806259155,0.0057520191657341,6332.881622088531,False,False
