fit,n_test_mean,test_positive_rate_mean,heldout_auc_mean,heldout_auc_sd,heldout_log_likelihood_mean,heldout_log_likelihood_sd,heldout_brier_mean,heldout_brier_sd,heldout_ece_mean,heldout_ece_sd
1pl_regular,603.8,0.6688353419303894,0.8071152925491333,0.0177016926499549,-0.5687748908996582,0.032227933030959936,0.16991554498672484,0.008383446786572667,0.08049581048333003,0.009119903257695726
1pl_item_marginal_mmle,603.8,0.6688353419303894,0.8051924586296082,0.020009802268780037,-0.5108135938644409,0.024907680238455056,0.16851436495780944,0.008200325262593908,0.05891071930024451,0.013516866092899702
2pl_regular,603.8,0.6688353419303894,0.8147981762886047,0.03919941435222466,-0.8286514401435852,0.0900923541440117,0.1683793306350708,0.018380247784006053,0.10341150720549072,0.016318522053367795
2pl_item_marginal_mmle,603.8,0.6688353419303894,0.5883054614067078,0.028643507283528838,-0.6849535942077637,0.004625298650519139,0.2459377318620682,0.002289579443094987,0.17130429816140552,0.013422576201121833
3pl_regular,603.8,0.6688353419303894,0.8218842625617981,0.030383344411845495,-0.7797002196311951,0.13493700820287854,0.16347619891166687,0.017566329635459465,0.10535129580277096,0.021058287082801545
3pl_item_marginal_mmle,603.8,0.6688353419303894,0.5870863914489746,0.02639951730502907,-0.6554986596107483,0.005237030887475203,0.2314191460609436,0.0025904887148380674,0.12089048419112922,0.013535098697414141
