domain,role,k,in_sample_loss,in_sample_auc,in_sample_log_likelihood,in_sample_brier,in_sample_ece,heldout_loss,heldout_auc,heldout_log_likelihood,heldout_brier,heldout_ece
code,code_solver,1,0.1101175919175148,0.9984702549575072,-0.1101062968373298,0.035859327763319,0.0187183631670383,0.4245661497116089,0.8528292682926829,-0.4245661497116089,0.0736301094293594,0.0497512654443451
code,code_solver,2,0.0594878606498241,1.0,-0.0594737380743026,0.018615698441863,0.0130274975174862,1.0708056688308716,0.7131282051282052,-1.0708056688308716,0.1177916303277015,0.1073050184371278
