fit,n_test_mean,test_positive_rate_mean,heldout_auc_mean,heldout_auc_sd,heldout_log_likelihood_mean,heldout_log_likelihood_sd,heldout_brier_mean,heldout_brier_sd,heldout_ece_mean,heldout_ece_sd,aic,bic
1pl_regular,1627.2,0.8534583806991577,0.8981746673583985,0.004949088924091668,-0.3026373744010925,0.008428589722049722,0.07636874616146087,0.0034637620237977416,0.051899662635831734,0.0037059880868337836,4024.498046875,9836.241567299985
1pl_item_marginal_mmle,1627.2,0.8534583806991577,0.911335802078247,0.008347592960273762,-0.25881336331367494,0.004911679486859458,0.0770542323589325,0.0020974850951571973,0.0499603173870646,0.00520793395031155,7108.423828125,7155.504668963531
2pl_regular,1627.2,0.8534583806991577,0.8899563908576965,0.007807411918591845,-0.6520208477973938,0.044534156277940634,0.09065601676702499,0.006697334801497734,0.08148478075393549,0.0047363204919088344,4666.157470703125,16219.539040860396
2pl_item_marginal_mmle,1627.2,0.8534583806991577,0.8503777980804443,0.013458336885555698,-0.6443926572799683,0.006141637399168303,0.225266233086586,0.0029722390100299623,0.3538134099853167,0.004294083558890366,6429.87890625,6476.959747088531
3pl_regular,1627.2,0.8534583806991577,0.8847999811172486,0.010938802187126085,-0.5607790946960449,0.06702860742659693,0.08581088185310363,0.003107717097735396,0.0772165796326267,0.005603359777881113,6089.29443359375,23384.314053483304
3pl_item_marginal_mmle,1627.2,0.8534583806991577,0.8503777980804443,0.013458336885555698,-0.5781001806259155,0.005752019165734158,0.19367066025733948,0.0028468090373183143,0.3036495405579308,0.004205014336472983,6284.38916015625,6331.470000994781
