fit,n_test_mean,test_positive_rate_mean,heldout_auc_mean,heldout_auc_sd,heldout_log_likelihood_mean,heldout_log_likelihood_sd,heldout_brier_mean,heldout_brier_sd,heldout_ece_mean,heldout_ece_sd,aic,bic
1pl_regular,3755.2,0.5784477233886719,0.5971720218658447,0.00866942396379006,-0.7817920804023742,0.01697554703701902,0.26281476616859434,0.00412700306442623,0.13672379222992576,0.00571322015062946,25942.423828125,42507.83694583141
1pl_item_marginal_mmle,3755.2,0.5784477233886719,0.5964328527450562,0.007681029443328571,-0.7248809695243835,0.008237702767513589,0.25707284808158876,0.002971217969879828,0.12126294851307225,0.004507443723434436,27252.423828125,27303.283909706326
2pl_regular,3755.2,0.5784477233886719,0.7296494603157043,0.01955755127042389,-1.032159161567688,0.052454698189300826,0.2245408684015274,0.01102309852268086,0.12637186758449298,0.011632579985851526,23722.265625,56782.50061133169
3pl_regular,3755.2,0.5784477233886719,0.7384032964706421,0.01490744303719516,-0.9863954186439514,0.02055506389426445,0.2224098563194275,0.006973845181637733,0.1372972943460133,0.00609010149327461,26602.1259765625,76157.18283151946
