fit,n_test_mean,test_positive_rate_mean,heldout_auc_mean,heldout_auc_sd,heldout_log_likelihood_mean,heldout_log_likelihood_sd,heldout_brier_mean,heldout_brier_sd,heldout_ece_mean,heldout_ece_sd,aic,bic
1pl_regular,825.6,0.6821330904960632,0.7169826030731201,0.02017126169141419,-0.6287493467330932,0.024236273569501414,0.20247118771076203,0.008789106420694281,0.09479949733549295,0.017018739493508944,4656.828369140625,7142.380671127253
1pl_item_marginal_mmle,825.6,0.6821330904960632,0.7193072080612183,0.01801324671538822,-0.5764333963394165,0.014112354107980542,0.19665479362010957,0.006319002211188365,0.0687827421475922,0.012091640603157575,5461.185546875,5504.556340001393
2pl_regular,825.6,0.6821330904960632,0.7090604305267334,0.016893103384785814,-1.2953824996948242,0.16490106729231954,0.22114602327346802,0.00806812928196303,0.1467102890299631,0.01490554630916801,4771.25439453125,9672.61135737733
2pl_item_marginal_mmle,825.6,0.6821330904960632,0.6857895135879517,0.027980852742150807,-0.6594048380851746,0.008561691654459002,0.23355597555637359,0.00420085323600596,0.18468918131514614,0.008877307205038825,4971.0703125,5014.441105626393
3pl_regular,825.6,0.6821330904960632,0.6972973704338074,0.021768589320433896,-1.2543668031692505,0.15235662408587336,0.2316552519798279,0.009127930738920619,0.16721245997598824,0.011162438723825885,5448.64111328125,12765.802736986781
3pl_item_marginal_mmle,825.6,0.6821330904960632,0.6869408369064331,0.027747140261753223,-0.6274517178535461,0.007362135231549508,0.21820150911808014,0.0036015146368652694,0.13515483757130664,0.00950540748814124,4904.234375,4947.605168126393
