fit,n_test_mean,test_positive_rate_mean,heldout_auc_mean,heldout_auc_sd,heldout_log_likelihood_mean,heldout_log_likelihood_sd,heldout_brier_mean,heldout_brier_sd,heldout_ece_mean,heldout_ece_sd,aic,bic
1pl_regular,231.2,0.37358219027519224,0.8352963328361511,0.04181371135602363,-0.7323081970214844,0.11505633215673078,0.14672417044639588,0.022349871443712793,0.14763778594046445,0.018591328005182747,9460.0625,10102.524785369871
1pl_item_marginal_mmle,231.2,0.37358219027519224,0.8248441815376282,0.03821828222857939,-0.5542675375938415,0.0715704274637299,0.13539985865354537,0.021969790110032576,0.11235593063474383,0.017487922670851874,13227.630859375,13255.252598722978
2pl_regular,231.2,0.37358219027519224,0.8312298774719238,0.02815019709933409,-0.8045692443847656,0.12308651764909306,0.15283680558204651,0.020939240244540358,0.16412779737470853,0.020947169624986866,7143.92431640625,8378.261305620805
2pl_item_marginal_mmle,231.2,0.37358219027519224,0.8171740293502807,0.03181287832492434,-0.5738942980766296,0.01588288623281381,0.16129515171051026,0.008336527895116455,0.14894037941779212,0.0175117915494188,1264.320068359375,1291.9418077073526
3pl_regular,231.2,0.37358219027519224,0.8304599761962891,0.02689729266805131,-0.844855535030365,0.12432271744417656,0.145561346411705,0.02196683962875715,0.1322144578638711,0.01407886854575055,1403.0698852539062,3229.281578313144
3pl_item_marginal_mmle,231.2,0.37358219027519224,0.8217835307121277,0.03477393936039427,-0.6172674179077149,0.014596721841827212,0.18145390450954438,0.007619791976585539,0.19135178354745125,0.013268797033140302,1322.006591796875,1349.6283311448526
