difficulty_bin,judge_score_mean,judge_score_sd,n_judge_models
1,0.8205128205128205,0.155122907305171,11
2,0.7870813397129186,0.1611311063775639,11
3,0.729665071770335,0.1857420951558055,11
4,0.7129186602870813,0.17073028146853397,11
5,0.6291866028708134,0.15588836897267858,11
6,0.6435406698564594,0.13124359177794212,11
7,0.6435406698564593,0.19740828943422248,11
8,0.6172248803827751,0.2008857244519687,11
9,0.6483253588516746,0.14899140471998093,11
10,0.5813397129186603,0.20501150074305013,11
