k,loss,loss_std,auc,auc_std,log_likelihood,log_likelihood_std,brier,brier_std,ece,ece_std,final_train_loss,final_train_auc,final_train_log_likelihood,final_train_brier,final_train_ece
1,0.9002520044644674,0.06355522158141454,0.8038570226512737,0.021874322268822275,-0.9002520044644674,0.06355522158141454,0.16017508010069528,0.005469860460818508,0.12112658323738301,0.0023544210507461393,0.2307770848274231,0.9463234579893152,-0.23076798021793365,0.07678071409463882,0.02984976429930148
2,1.3650204340616863,0.08266051871751791,0.8280769111928032,0.023635278506985345,-1.3650204340616863,0.08266051871751791,0.17713376382986704,0.016395150792368723,0.16079987239812568,0.015204074791114085,0.11520465463399887,0.9876202039825158,-0.1151810884475708,0.035865046083927155,0.01692598646379903
