k,loss,auc,log_likelihood,brier,ece
1,0.2307770848274231,0.9463234579893152,-0.23076798021793365,0.07678071409463882,0.02984976429930148
2,0.11520465463399887,0.9876202039825158,-0.1151810884475708,0.035865046083927155,0.01692598646379903
