k,loss,loss_std,auc,auc_std,log_likelihood,log_likelihood_std,brier,brier_std,ece,ece_std,final_train_loss,final_train_auc,final_train_log_likelihood,final_train_brier,final_train_ece
1,0.9731336832046509,,0.7785990338164251,,-0.9731336832046509,,0.16588787734508514,,0.1237250989665511,,0.2307770848274231,0.9463234579893152,-0.23076798021793365,0.07678071409463882,0.02984976429930148
2,1.296022653579712,,0.8008088235294117,,-1.296022653579712,,0.15853272378444672,,0.14511803166291615,,0.11520465463399887,0.9876202039825158,-0.1151810884475708,0.035865046083927155,0.01692598646379903
