overall_effectiveness_score,refusal,prevention,redirection,irrelevant_response,prompt_repetition,useless_affirmation
0.6847826086956522,0.6869565217391305,0.6869565217391305,0.6869565217391305,0.8434782608695652,0.8347826086956521,0.808695652173913
