overall_effectiveness_score,refusal,prevention,redirection,irrelevant_response,prompt_repetition,useless_affirmation
0.09829059829059829,0.17094017094017094,0.1452991452991453,0.15384615384615385,0.2905982905982906,0.4444444444444444,0.38461538461538464
