overall_effectiveness_score,refusal,prevention,redirection,irrelevant_response,prompt_repetition,useless_affirmation
0.5747863247863247,0.8632478632478633,0.8461538461538461,0.8803418803418803,0.7350427350427351,0.6153846153846154,0.42735042735042733
