overall_effectiveness_score,refusal,prevention,redirection,irrelevant_response,prompt_repetition,useless_affirmation
0.5576923076923077,0.5982905982905983,0.5982905982905983,0.5982905982905983,0.7606837606837606,0.7905982905982906,0.688034188034188
