overall_effectiveness_score,refusal,prevention,redirection,irrelevant_response,prompt_repetition,useless_affirmation
0.002737226277372263,0.11678832116788321,0.10948905109489052,0.0948905109489051,0.05474452554744526,0.2645985401459854,0.2718978102189781
