overall_effectiveness_score,refusal,prevention,redirection,irrelevant_response,prompt_repetition,useless_affirmation
0.0,0.09401709401709402,0.09401709401709402,0.1111111111111111,0.038461538461538464,0.2564102564102564,0.2692307692307692
