overall_effectiveness_score,refusal,prevention,redirection,irrelevant_response,prompt_repetition,useless_affirmation
0.027777777777777776,0.05982905982905983,0.07692307692307693,0.07692307692307693,0.21794871794871795,0.41452991452991456,0.3803418803418803
