overall_effectiveness_score,refusal,prevention,redirection,irrelevant_response,prompt_repetition,useless_affirmation
0.19230769230769232,0.23931623931623933,0.23931623931623933,0.24786324786324787,0.36324786324786323,0.5042735042735043,0.4444444444444444
