difficulty_bin,n_prompts,solver_difficulty_mean,solver_score_mean,judge_score_mean,judge_score_sd_across_prompts,solver_attack_sd_mean,high_judge_count,low_judge_count
9,12,1.346511498803184,0.7976190476190476,0.3902777777777778,0.11550346047939883,3.6914192779823716,0,10
10,12,2.7150084433101473,0.7464285714285714,0.4895833333333333,0.1753108710695133,3.529657806983725,0,5
