fit,n_test_mean,test_positive_rate_mean,heldout_auc_mean,heldout_auc_sd,heldout_log_likelihood_mean,heldout_log_likelihood_sd,heldout_brier_mean,heldout_brier_sd,heldout_ece_mean,heldout_ece_sd,aic,bic
1pl_regular,1200.0,0.17899698615074158,0.9347664952278137,0.011470339970188481,-0.27035340666770935,0.020652562223973537,0.07738311886787415,0.00595448843660723,0.047234032968736704,0.009307744137104456,3187.4267578125,7786.117850377241
1pl_item_marginal_mmle,1200.0,0.17899698615074158,0.9290558457374573,0.01115693814824426,-0.2671219170093536,0.004684063035940038,0.08037127256393432,0.002210743193103067,0.050202240969607646,0.0071394079330854236,4775.8603515625,4816.506089246886
2pl_regular,1200.0,0.17899698615074158,0.888956093788147,0.018378253731790917,-0.6361533880233765,0.03606786082834035,0.09225636273622513,0.011059905567258247,0.07261619692841198,0.011311969987574949,4002.4371337890625,13139.398560038131
2pl_item_marginal_mmle,1200.0,0.17899698615074158,0.7542334914207458,0.00774816156606183,-0.6586339116096497,0.002893034763360939,0.2328669995069504,0.0014055328665541534,0.31826733280225217,0.00963150656120284,5016.3271484375,5056.972886121886
3pl_regular,1200.0,0.17899698615074158,0.8746904492378235,0.018204240429145157,-0.546972805261612,0.04363340879816369,0.0988998681306839,0.006304472926676634,0.07651024447297108,0.005520230291513174,5394.188232421875,19069.419992355273
3pl_item_marginal_mmle,1200.0,0.17899698615074158,0.7542334914207458,0.00774816156606183,-0.7330191016197205,0.004263887006143928,0.26938038468360903,0.0020437261514481943,0.36879224074460526,0.009961142914740142,5668.26953125,5708.915268934386
