k,loss,loss_std,beta_nll,beta_nll_std,mse,mse_std,rmse,rmse_std,mae,mae_std,pearson,pearson_std,final_train_loss,final_train_beta_nll,final_train_mse,final_train_rmse,final_train_mae,final_train_pearson
1,9.765328407287598,,9.765328407287598,,0.1473392397165298,,0.3838479518890381,,0.2242017537355423,,0.6369217038154602,,2.827147483825684,2.7094662189483643,0.081306979060173,0.2851437926292419,0.1523341685533523,0.7862296104431152
2,8.517306327819824,,8.517306327819824,,0.140016421675682,,0.3741876780986786,,0.206498309969902,,0.6402106285095215,,-0.5233648419380188,-0.7245043516159058,0.0498792678117752,0.2233366668224334,0.1067660897970199,0.8737163543701172
