difficulty_bin,solver_difficulty_mean,judge_score_mean,n_prompts
1,-2.8097791920105615,0.2833333333333333,12
2,-1.879232908998217,0.3717592592592593,12
3,-1.5007136015148907,0.3613636363636364,11
4,-1.0652778098980586,0.34375,12
5,-0.5760614297219685,0.36944444444444446,12
6,-0.08618264074449415,0.3477272727272727,11
7,0.48510892405396416,0.35694444444444445,12
8,1.075801531989853,0.4797979797979798,11
9,2.08586932576838,0.4708333333333334,12
10,4.227876331124987,0.36712962962962964,12
