difficulty_bin,judge_score_mean,judge_score_sd,n_judge_models
1,0.4,0.2779166319617947,10
2,0.33958333333333335,0.2714647198731402,10
3,0.34704545454545455,0.2976184356546247,10
4,0.37916666666666665,0.3083521015308936,10
5,0.33522727272727276,0.28221038654747993,10
6,0.35050505050505054,0.3302814066378186,10
7,0.3833333333333333,0.29236028635407546,10
8,0.34500000000000003,0.2694793981095951,10
9,0.39166666666666666,0.29311808179732485,10
10,0.4895833333333333,0.33017163746328243,10
