k,loss,auc,log_likelihood,brier,ece
1,0.0898772031068801,0.9771658821851376,-0.0898658484220504,0.0288580022752285,0.028775117249625
2,0.0387068279087543,0.9939081443446012,-0.0386925749480724,0.0112857054919004,0.0141564721782031
