difficulty_bin,solver_difficulty_mean,judge_score_mean,n_items
1,-4.860810652375221,0.665625,16
2,-1.9338300704956055,0.8,15
3,-1.282477084795634,0.7933333333333333,15
4,-0.7677877247333527,0.6875,16
5,-0.400948566198349,0.61,15
6,-0.0666477878888448,0.6055555555555556,15
7,0.30734391510486603,0.65625,16
8,0.9673365235328675,0.6033333333333334,15
9,2.399196672439575,0.6181481481481481,15
10,5.618788689374924,0.665625,16
