difficulty_bin,judge_score_mean,judge_score_sd,n_judge_models
1,0.76875,0.10120798167909265,10
2,0.7666666666666667,0.09813067629253167,10
3,0.6599999999999999,0.12352837430833155,10
4,0.6625,0.07186745129441809,10
5,0.8033333333333333,0.13189033978421263,10
6,0.5966666666666667,0.11380077892506105,10
7,0.5925,0.09463930062200496,10
8,0.6799999999999999,0.09711899281516516,10
9,0.6533333333333333,0.12785022101015578,10
10,0.528125,0.06822717872422004,10
