difficulty_bin,solver_difficulty_mean,judge_score_mean,n_items
1,-7.195780336856842,0.76875,16
2,-3.4192782402038575,0.7666666666666667,15
3,-1.5772118330001832,0.66,15
4,-0.6168273389339447,0.6625,16
5,0.2346643050511678,0.8033333333333333,15
6,0.7263795932133993,0.5966666666666666,15
7,1.152543567121029,0.5927083333333334,16
8,1.859113836288452,0.6799999999999999,15
9,3.334676424662272,0.6533333333333334,15
10,5.5741166472435,0.5295138888888888,16
