k,loss,loss_std,auc,auc_std,log_likelihood,log_likelihood_std,brier,brier_std,ece,ece_std,final_train_loss,final_train_auc,final_train_log_likelihood,final_train_brier,final_train_ece
1,0.9731336832046508,,0.7785990338164251,,-0.9731336832046508,,0.1658878773450851,,0.1237250989665511,,0.2307770848274231,0.9463234579893152,-0.2307679802179336,0.0767807140946388,0.0298497642993014
2,1.296022653579712,,0.8008088235294117,,-1.296022653579712,,0.1585327237844467,,0.1451180316629161,,0.1152046546339988,0.9876202039825158,-0.1151810884475708,0.0358650460839271,0.016925986463799
