difficulty_bin,judge_score_mean,judge_score_sd,n_judge_models
1,0.665625,0.11415640160664568,10
2,0.8,0.1405456737852613,10
3,0.7933333333333333,0.07166451331820935,10
4,0.6875,0.0919975090242484,10
5,0.61,0.1286683937707919,10
6,0.6054761904761905,0.08809202053326196,10
7,0.65625,0.0919975090242484,10
8,0.6033333333333333,0.07609286074783968,10
9,0.6178571428571429,0.07832050682205582,10
10,0.665625,0.07802076379614169,10
