k,loss,loss_std,auc,auc_std,log_likelihood,log_likelihood_std,brier,brier_std,ece,ece_std,final_train_loss,final_train_auc,final_train_log_likelihood,final_train_brier,final_train_ece
1,1.7460484504699707,,0.7399145299145299,,-1.7460484504699707,,0.2624824643135071,,0.2068700008333989,,0.3582826256752014,0.8841438356164384,-0.3582706749439239,0.1207964271306991,0.0361039124885971
2,2.907376527786255,,0.67,,-2.907376527786255,,0.3245121240615845,,0.3125768999692381,,0.2160449475049972,0.9715924657534246,-0.216020181775093,0.070648118853569,0.0249318960760562
