k,loss,auc,log_likelihood,brier,ece
1,0.3582826256752014,0.8841438356164384,-0.3582706749439239,0.1207964271306991,0.0361039124885971
2,0.2160449475049972,0.9715924657534246,-0.216020181775093,0.070648118853569,0.0249318960760562
