difficulty_bin,judge_score_mean,judge_score_sd,n_judge_models
1,0.6110587352685685,0.08414439045205035,9
2,0.5848549350854004,0.05524802396675392,9
3,0.5662695651501621,0.06272469612470397,9
4,0.6069501349461841,0.07097796033756312,9
5,0.6110934624616217,0.06604518815268576,9
6,0.6230803847243707,0.08660195704635673,9
7,0.575669272684198,0.05797874871425118,9
8,0.56428606268378,0.060082384627245224,9
9,0.5969034696646637,0.07339941828626607,9
10,0.5945129627306975,0.07628042408932713,9
