difficulty_bin,judge_score_mean,judge_score_sd,n_judge_models
1,0.6633779631255488,0.10054752420624007,9
2,0.5742958294428884,0.06620851603129574,9
3,0.5927623785832741,0.07772645282102515,9
4,0.5661787105414556,0.05990432347963593,9
5,0.5829614443047278,0.06406529582026829,9
6,0.6118302047187033,0.08046481584916086,9
7,0.5759608044433915,0.06479152344834797,9
8,0.581109914944419,0.04426167370056117,9
9,0.6093825623427613,0.0783557561959207,9
10,0.5773479372652623,0.07340451831511902,9
