domain,role,k,in_sample_loss,in_sample_auc,in_sample_log_likelihood,in_sample_brier,in_sample_ece,heldout_loss,heldout_auc,heldout_log_likelihood,heldout_brier,heldout_ece
kudge,kudge_judge,1,0.3693625032901764,0.8419530976548828,-0.3693499863147735,0.1256781816482544,0.0269522538559301,0.9832897782325744,0.6488356164383562,-0.9832897782325744,0.220864787697792,0.1482908026746481
kudge,kudge_judge,2,0.2666735649108886,0.8878158907945397,-0.2666504681110382,0.0887776315212249,0.0283793877384466,1.7175875902175903,0.6306890459363957,-1.7175875902175903,0.26370769739151,0.2241748973642763
