k,loss,auc,log_likelihood,brier,ece
1,0.3018888831138611,0.9215675675675676,-0.3018800318241119,0.1012154370546341,0.0252629430874367
2,0.2168739736080169,0.9510990990990992,-0.2168455272912979,0.0706179738044738,0.0220231373841709
