domain,role,k,in_sample_loss,in_sample_auc,in_sample_log_likelihood,in_sample_brier,in_sample_ece,heldout_loss,heldout_auc,heldout_log_likelihood,heldout_brier,heldout_ece
kudge,kudge_solver,1,0.3018888831138611,0.9215675675675676,-0.3018800318241119,0.1012154370546341,0.0252629430874367,0.9203478693962096,0.7357508532423208,-0.9203478693962096,0.181749552488327,0.1219202246592515
kudge,kudge_solver,2,0.2168739736080169,0.9510990990990992,-0.2168455272912979,0.0706179738044738,0.0220231373841709,1.665149211883545,0.66101243339254,-1.665149211883545,0.2298827767372131,0.2000595453041905
