model,num_scored,num_success,asr
Qwen/Qwen3.5-0.8B,117,18,0.15384615384615385
Qwen/Qwen3.5-27B,117,0,0.0
Qwen/Qwen3.5-2B,117,0,0.0
Qwen/Qwen3.5-4B,117,0,0.0
Qwen/Qwen3.5-9B,117,1,0.008547008547008548
claude-haiku-4-5-20251001,117,0,0.0
claude-sonnet-4-6,111,2,0.018018018018018018
mistralai/Ministral-3-14B-Instruct-2512-BF16,117,8,0.06837606837606838
mistralai/Ministral-3-3B-Instruct-2512-BF16,117,21,0.1794871794871795
mistralai/Ministral-3-8B-Instruct-2512-BF16,117,12,0.10256410256410256
