k,loss,loss_std,auc,auc_std,log_likelihood,log_likelihood_std,brier,brier_std,ece,ece_std,final_train_loss,final_train_auc,final_train_log_likelihood,final_train_brier,final_train_ece
1,1.057814598083496,,0.8069311926605505,,-1.057814598083496,,0.1748313754796981,,0.1301750473440522,,0.1880032569169998,0.9348692300633202,-0.1879894137382507,0.0622076876461505,0.0252045320023572
2,1.4016977548599243,,0.8136815462494248,,-1.4016977548599243,,0.1988725215196609,,0.1741981699731213,,0.1017708480358123,0.9756859686152152,-0.101750798523426,0.0322634987533092,0.0158670581543468
