fit,n_test_mean,test_positive_rate_mean,heldout_auc_mean,heldout_auc_sd,heldout_log_likelihood_mean,heldout_log_likelihood_sd,heldout_brier_mean,heldout_brier_sd,heldout_ece_mean,heldout_ece_sd
1pl_regular,825.6,0.658721923828125,0.8036282777786254,0.012729757511698392,-0.5621453166007996,0.01738374718983576,0.17339869141578673,0.007163102888686001,0.08277669615448054,0.007516631966607291
1pl_item_marginal_mmle,825.6,0.658721923828125,0.8085002303123474,0.010541906758770906,-0.5098766505718231,0.012125531543387726,0.16900302171707154,0.005281457966394199,0.059040829328764,0.0027043000818094336
2pl_regular,825.6,0.658721923828125,0.7872343063354492,0.023203063823642803,-1.2394164681434632,0.2697318458653733,0.1922684669494629,0.016950590292000352,0.1316759463545142,0.02088868735785707
2pl_item_marginal_mmle,825.6,0.658721923828125,0.7213262438774108,0.011986991198283963,-0.6412771344184875,0.003402073931639116,0.22471725940704346,0.0016748273162198039,0.16541970047921728,0.0114164028751362
3pl_regular,825.6,0.658721923828125,0.7865950226783752,0.021722637630526974,-1.0874792218208313,0.15825102628780927,0.1933120906352997,0.01587884095233264,0.1329958824091377,0.02408930141379396
3pl_item_marginal_mmle,825.6,0.658721923828125,0.7213262438774108,0.011986991198283963,-0.615583086013794,0.003708114502400599,0.21241709887981414,0.0017976873766508538,0.1266244555810406,0.009469325127201942
