comparison,focal_model,comparison_model,focal_solver_ability,comparison_solver_ability,solver_ability_diff_focal_minus_comparison,solver_diff_combined_se,solver_diff_z,focal_judge_ability,comparison_judge_ability,judge_ability_diff_focal_minus_comparison,judge_diff_combined_se,judge_diff_z,note
Qwen3.5 27B vs Claude Sonnet 4.6,Qwen3.5 27B,Claude Sonnet 4.6,-0.432,2.171,-2.6029999999999998,0.2793796699833401,-9.317070208276863,1.52,1.509,0.01100000000000012,0.023345235059857503,0.47118823056593645,Top-judge comparison: Qwen is near Sonnet as a judge but far below as a solver.
Qwen3.5 27B vs Claude Haiku 4.5,Qwen3.5 27B,Claude Haiku 4.5,-0.432,0.647,-1.079,0.331074009852782,-3.2590900157937392,1.52,1.093,0.42700000000000005,0.03026549190084311,14.108477119716168,"Solver-superior peer: Haiku is stronger as a solver, but Qwen is stronger as a judge."
Qwen3.5 27B vs Qwen3.5 9B,Qwen3.5 27B,Qwen3.5 9B,-0.432,-0.576,0.14399999999999996,0.28521746089606786,0.5048779255926165,1.52,0.528,0.992,0.02433105012119288,40.770948851728605,Same-family comparison against nearest smaller Qwen solver.
Qwen3.5 27B vs Qwen3.5 4B,Qwen3.5 27B,Qwen3.5 4B,-0.432,-0.621,0.189,0.27793704323101664,0.6800101123724855,1.52,0.525,0.995,0.02531797780234433,39.30013715028487,Same-family comparison against another nearby Qwen solver.
Qwen3.5 27B vs Mistral 14B,Qwen3.5 27B,Mistral 14B,-0.432,-0.652,0.22000000000000003,0.31424990055686575,0.7000797760322265,1.52,0.633,0.887,0.021377558326431952,41.49210992460643,Nearby non-Qwen solver ability comparison.
Mistral 8B vs Mistral 14B,Mistral 8B,Mistral 14B,-1.092,-0.652,-0.44000000000000006,0.3236788531863026,-1.3593720926425352,0.694,0.633,0.06099999999999994,0.021095023109728987,2.891677325153858,Secondary non-Qwen case: lower solver ability but higher judge ability.
