k,loss,beta_nll,mse,rmse,mae,pearson
1,2.827147483825684,2.7094662189483643,0.081306979060173,0.2851437926292419,0.1523341685533523,0.7862296104431152
2,-0.5233648419380188,-0.7245043516159058,0.0498792678117752,0.2233366668224334,0.1067660897970199,0.8737163543701172
