k,loss,loss_std,beta_nll,beta_nll_std,mse,mse_std,rmse,rmse_std,mae,mae_std,pearson,pearson_std,final_train_loss,final_train_beta_nll,final_train_mse,final_train_rmse,final_train_mae,final_train_pearson
1,9.765328407287598,,9.765328407287598,,0.14733923971652985,,0.3838479518890381,,0.2242017537355423,,0.6369217038154602,,2.8271474838256836,2.7094662189483643,0.08130697906017303,0.28514379262924194,0.15233416855335236,0.7862296104431152
2,8.517306327819824,,8.517306327819824,,0.14001642167568207,,0.3741876780986786,,0.20649830996990204,,0.6402106285095215,,-0.5233648419380188,-0.7245043516159058,0.04987926781177521,0.22333666682243347,0.10676608979701996,0.8737163543701172
