k,loss,auc,log_likelihood,brier,ece
1,0.3693625032901764,0.8419530976548828,-0.3693499863147735,0.1256781816482544,0.0269522538559301
2,0.2666735649108886,0.8878158907945397,-0.2666504681110382,0.0887776315212249,0.0283793877384466
