difficulty_bin,solver_difficulty_mean,judge_score_mean,n_items
1,-4.954605970627222,0.7692307692307693,39
2,-3.4483590627971448,0.7655502392344498,38
3,-2.156351327896118,0.7344497607655502,38
4,-0.9504969559217754,0.6842105263157895,38
5,-0.33993458708650187,0.6578947368421053,38
6,0.3029197823060186,0.7081339712918661,38
7,0.7292133459919378,0.6770334928229665,38
8,1.4124413775770288,0.576555023923445,38
9,3.0180806988163997,0.5909090909090908,38
10,6.517476997877422,0.6507177033492823,38
