difficulty_bin,solver_difficulty_mean,judge_score_mean,n_items
1,-5.526195110418858,0.8205128205128205,39
2,-3.225846397249322,0.7870813397129187,38
3,-1.3205380345645703,0.7296650717703349,38
4,-0.7123530177693618,0.7129186602870813,38
5,-0.09624474809357994,0.6291866028708134,38
6,0.5590113228873202,0.6435406698564593,38
7,0.8582462746846048,0.6435406698564593,38
8,1.2942275185334056,0.6172248803827751,38
9,2.35215867820539,0.6483253588516746,38
10,5.9629598667747095,0.5813397129186603,38
