model,mean_score,n_observed,1pl_regular,1pl_item_marginal_mmle,2pl_regular,2pl_item_marginal_mmle,3pl_regular,3pl_item_marginal_mmle,1pl_regular_rank,1pl_item_marginal_mmle_rank,2pl_regular_rank,2pl_item_marginal_mmle_rank,3pl_regular_rank,3pl_item_marginal_mmle_rank
qwen3_5_27b,0.7841880341880342,117,4.1702967,3.2023497,0.34914684,1.2982057,0.35803556,1.2925111,1,1,1,1,1,1
claude_sonnet_4_6,0.5790598290598291,117,2.640455,3.083515,0.00022643805,0.95753133,0.10096498,0.9543634,2,2,2,2,2,2
ministral_3_14b_instruct_2512_bf16,0.5576923076923077,117,0.21982455,1.8891312,-0.45246148,0.60689396,-0.033394188,0.5892021,3,3,3,4,3,3
ministral_3_8b_instruct_2512_bf16,0.5747863247863247,117,-0.07396674,1.644187,-0.52694017,0.6329491,-0.054566354,0.570914,4,4,4,3,4,4
qwen3_5_4b,0.47863247863247865,117,-1.9109792,0.29927,-0.7964697,0.34633583,-0.10815193,0.29517132,5,5,5,5,5,5
qwen3_5_9b,0.19230769230769232,117,-4.799203,-2.4619186,-1.2074368,-0.5857338,-0.9829636,-0.6162534,6,7,6,6,7,6
ministral_3_3b_instruct_2512_bf16,0.09829059829059829,117,-5.860798,-2.530963,-1.3036356,-0.8705838,-0.94721097,-0.8576557,7,8,7,7,6,7
qwen3_5_2b,0.027777777777777776,117,-6.654272,-3.0219407,-1.468089,-1.1383953,-2.3929145,-1.0781478,8,9,8,8,8,8
qwen3_5_0_8b,0.0,117,-6.9324255,-2.1036298,-1.5048529,-1.2472034,-3.460002,-1.1501051,9,6,9,9,9,9
