model,mean_score,n_observed,1pl_regular,1pl_item_marginal_mmle,2pl_regular,2pl_item_marginal_mmle,3pl_regular,3pl_item_marginal_mmle,1pl_regular_rank,1pl_item_marginal_mmle_rank,2pl_regular_rank,2pl_item_marginal_mmle_rank,3pl_regular_rank,3pl_item_marginal_mmle_rank,1pl_regular_se,1pl_regular_lo,1pl_regular_hi,2pl_regular_se,2pl_regular_lo,2pl_regular_hi,3pl_regular_se,3pl_regular_lo,3pl_regular_hi
qwen3_5_27b,0.7841880341880342,117,4.1702967,3.2023497,0.34914684,1.2982057,0.35803556,1.2925111,1,1,1,1,1,1,0.3874049,3.410983,4.9296103,0.07645483,0.19929537,0.4989983,0.03882628,0.28193605,0.43413508
claude_sonnet_4_6,0.5790598290598291,117,2.640455,3.083515,0.00022643805,0.95753133,0.10096498,0.9543634,2,2,2,2,2,2,0.3082204,2.036343,3.244567,0.04927468,-0.09635194,0.09680481,0.011835037,0.0777683,0.12416165
ministral_3_14b_instruct_2512_bf16,0.5576923076923077,117,0.21982455,1.8891312,-0.45246148,0.60689396,-0.033394188,0.5892021,3,3,3,4,3,3,0.54476124,-0.84790754,1.2875566,0.070676826,-0.59098804,-0.3139349,0.015358229,-0.06349632,-0.0032920577
ministral_3_8b_instruct_2512_bf16,0.5747863247863247,117,-0.07396674,1.644187,-0.52694017,0.6329491,-0.054566354,0.570914,4,4,4,3,4,4,0.3005996,-0.66314197,0.5152085,0.045767013,-0.6166435,-0.43723682,0.005084426,-0.06453183,-0.044600878
qwen3_5_4b,0.47863247863247865,117,-1.9109792,0.29927,-0.7964697,0.34633583,-0.10815193,0.29517132,5,5,5,5,5,5,0.7924994,-3.4642782,-0.3576802,0.12153933,-1.0346868,-0.5582526,1.4652126,-2.9799685,2.7636647
qwen3_5_9b,0.19230769230769232,117,-4.799203,-2.4619186,-1.2074368,-0.5857338,-0.9829636,-0.6162534,6,7,6,6,7,6,0.41920316,-5.620841,-3.9775648,0.13869639,-1.4792817,-0.9355919,0.089948885,-1.1592635,-0.8066638
ministral_3_3b_instruct_2512_bf16,0.09829059829059829,117,-5.860798,-2.530963,-1.3036356,-0.8705838,-0.94721097,-0.8576557,7,8,7,7,6,7,0.7152384,-7.2626653,-4.4589305,0.10880528,-1.516894,-1.0903772,0.60397935,-2.1310105,0.23658854
qwen3_5_2b,0.027777777777777776,117,-6.654272,-3.0219407,-1.468089,-1.1383953,-2.3929145,-1.0781478,8,9,8,8,8,8,0.27084717,-7.1851325,-6.1234117,0.038506296,-1.5435613,-1.3926166,0.017168902,-2.4265656,-2.3592634
qwen3_5_0_8b,0.0,117,-6.9324255,-2.1036298,-1.5048529,-1.2472034,-3.460002,-1.1501051,9,6,9,9,9,9,0.3983306,-7.7131534,-6.1516976,0.0571507,-1.6168683,-1.3928375,0.057488885,-3.5726802,-3.3473237
