fit,n_test_mean,test_positive_rate_mean,heldout_auc_mean,heldout_auc_sd,heldout_log_likelihood_mean,heldout_log_likelihood_sd,heldout_brier_mean,heldout_brier_sd,heldout_ece_mean,heldout_ece_sd
1pl_regular,206.6,0.38542943000793456,0.8233937978744507,0.01240220975944594,-0.7959527850151062,0.10405481371281729,0.14815112054347992,0.024460696243944924,0.16327810386198616,0.02939687912727629
1pl_item_marginal_mmle,206.6,0.38542943000793456,0.823137617111206,0.016691871949300396,-0.5795965671539307,0.07651851418406067,0.1367266744375229,0.021165625580039215,0.11405223515213356,0.029900597966035437
2pl_regular,206.6,0.38542943000793456,0.8185971975326538,0.025426108343076625,-0.9095521330833435,0.28233473340175397,0.15319180190563203,0.03441289980677021,0.16283936864821436,0.038975818129248226
2pl_item_marginal_mmle,206.6,0.38542943000793456,0.8248078107833863,0.014618862309643765,-0.5646986126899719,0.009375915786562765,0.1538364738225937,0.003226201645934996,0.1304572052623409,0.01976407876013052
3pl_regular,206.6,0.38542943000793456,0.805350911617279,0.03561018017322191,-0.8901331186294555,0.26877137984215305,0.14823116064071656,0.036509881721652766,0.1500723661564754,0.04097274955100311
3pl_item_marginal_mmle,206.6,0.38542943000793456,0.8286020278930664,0.015094405970290718,-0.6067992568016052,0.00930977840645006,0.17321970462799072,0.0029641096004102466,0.17678366659023342,0.019017780985318165
